slug,title,category,protocol_type,last_updated,author,synonyms,clinical_indications,position,npo,premedication,contrast_agent,contrast_volume,contrast_flow_rate,contrast_duration,contrast_timing,contrast_roi,contrast_trigger,kv,mas,rotation_time,pitch,tech_notes,nursing_notes,rad_notes,tips,additional_recons,safety_renal,safety_allergy
ct-abdomen-pelvis-with-contrast,CT Abdomen Pelvis with Contrast,abdomen,contrast-enhanced,2026-01-02,,,Abdominal pain | Oncology staging | Infection source | Post-operative complications,Supine with arms raised,NPO 4 hours for solids,Oral contrast: 900 mL Readi-Cat 2 over 90 minutes. Last cup 30 min before scan,Isovue 370,1.5 mL/kg,3 mL/s,40s,Empiric Delay (70s),,,120,Auto (reference 200),0.5s,1.0-1.375,Ensure adequate oral contrast opacification. Scan from diaphragm through pubic symphysis. 70 second delay typical,20-22G IV required. Verify patent IV. Oral contrast 250-500mL water before scan.,Systematic review of all solid organs. Check for free fluid/air. Assess bowel enhancement pattern,Arms raised completely. Remove all metal objects from scan range,Thin slice 1mm for 3D if mass identified,Verify eGFR > 30,Check allergy history. Pre-medicate if prior reaction
ct-adrenal-mass-protocol,CT Adrenal Mass Protocol,abdomen,contrast-enhanced,2024-01-15,Dr. Thompson,,Adrenal mass characterization | Adenoma vs metastasis | Incidentaloma workup,Supine with arms raised,NPO 4 hours,,Isovue 370,1.5 mL/kg,3 mL/s,40s,Empiric Delay (70s),,,120,Auto (reference 200),0.5s,1,THREE phases: 1) Non-contrast for absolute HU 2) Portal venous 70s 3) 15 MINUTE delayed for washout. All phases cover adrenals,20-22G IV. Patient must wait 15 min for delayed phase,NC: lipid-rich adenoma < 10 HU. Portal venous: enhancement. 15 min delay: calculate washout (adenoma shows washout),Patient wait time 15 min. Measure HU carefully with ROI in same location,Calculate absolute washout: (Enhanced HU - Delayed HU)/(Enhanced HU - NC HU) x 100. >60% suggests adenoma. Measure HU in all phases,Verify eGFR > 30,Check allergy history. Explain 15 min delay
ct-biphasic-pancreas,CT Biphasic Pancreas,abdomen,contrast-enhanced,2024-01-15,Dr. Williams,,Pancreatic mass | Pancreatitis | Pancreatic cyst characterization,Supine with arms raised,NPO 4 hours,Water PO: 900 mL water orally 15-30 min before scan for gastric/duodenal distension,Isovue 370,1.5 mL/kg,4-5 mL/s,25s,Dual phase: Pancreatic arterial + Portal venous,Abdominal aorta,150 HU,100,Auto (reference 200-250),0.5s,0.9-1.0,TWO phases: Pancreatic phase (40-45s or bolus track) + Portal venous (70s). Water for negative contrast,18-20G IV. Ensure water intake for duodenal distension,Pancreatic phase: optimal pancreatic enhancement and small lesions. Portal venous: liver and venous structures,Water distension of duodenum helpful. Thin slices for pancreas,Curved MPR pancreatic duct. MIP pancreatic vasculature,Verify eGFR > 30,Check allergy history. Coordinate water intake
ct-chest-abdomen-pelvis-with-contrast,CT Chest Abdomen Pelvis with Contrast,abdomen,contrast-enhanced,2024-01-15,Dr. Smith,,Oncology staging | Infection source | Abdominal pain,Supine with arms raised,NPO 4 hours solids. Clear liquids OK up to 2 hours,Oral contrast: 250-500 mL neutral (Volumen or water). Give 60-90 min before scan,Isovue 370,1.5 mL/kg,3 mL/s,40s,Empiric Delay (70s),,,120,Auto (reference 200),0.5s,1.0-1.375,Single phase portal venous. 40 second injection. 70 second scan delay from start of injection,20-22G IV. Verify renal function,Portal venous phase optimal for solid organ and bowel assessment. Systematic review all organs,Arms fully raised. Neutral oral contrast preferred over positive,Sagittal reformats optional,Verify eGFR > 30,Check allergy history
ct-cystogram,CT Cystogram,abdomen,contrast-enhanced,2024-01-15,Dr. Kim,,Bladder rupture | Bladder injury | Post-operative bladder assessment,Supine,NPO 2-4 hours,Bladder contrast: 350-400 mL dilute contrast (30 mL contrast in 350 mL saline),Isovue 370,100 mL,3-4 mL/s,,,,,120,Auto (reference 200),0.5s,1,TWO components: 1) Non-contrast CT 2) Bladder filling via Foley with dilute contrast 3) Scan distended bladder. Coordinate with nursing,Foley catheter required. Dilute contrast preparation (30mL in 350mL saline). Gravity fill bladder. Patient signals fullness,Cystogram: bladder integrity extravasation,Adequate bladder distension critical. Gravity fill slowly. Clamp Foley during scan,Compare distended vs non-contrast. Document extravasation location. 3D reformation if complex injury,"eGFR doesn't matter, contrast not excreted",Foley placement. Prepare dilute contrast
ct-enterography,CT Enterography,abdomen,contrast-enhanced,2024-01-15,Dr. Martinez,,Crohn disease | Small bowel obstruction | Obscure GI bleeding | Small bowel mass,Supine with arms raised,NPO 4 hours solids,Neutral oral contrast (VoLumen): 1st bottle (450mL) at 90 min. 2nd bottle (450mL) at 60 min. Half bottle (225mL) at 30 min. Other half (225mL) at 5 min before scan,Isovue 370,1.5 mL/kg,4-5 mL/s,25s,Empiric Delay (45s),,,100,Auto (reference 200),0.5s,1.0-1.375,Enterographic phase (45 sec). High volume neutral oral for bowel distension. 25 second injection. Scan 45 sec from start,18-20G IV. Ensure adequate oral contrast intake (total ~1350mL). May need anti-peristaltic agent,Assess bowel wall enhancement and thickness. Look for strictures fistulas abscesses. Mesenteric vascularity,Adequate oral contrast distension critical. High injection rate,Curved MPR of bowel segments. Mesenteric vascular assessment,Verify eGFR > 30,Check allergy history. Coordinate oral contrast timing
ct-ivp-intravenous-pyelogram,CT IVP (Intravenous Pyelogram),abdomen,contrast-enhanced,2024-01-15,Dr. Anderson,,Hematuria | Urothelial carcinoma | Collecting system evaluation | Hydronephrosis,Supine with arms raised,NPO 4 hours,,Isovue 370,Split bolus: 1st injection 1.1 mL/kg + 2nd injection 0.4 mL/kg,4 mL/s,18-20s + 5-10s,Split bolus technique,,,100-120,Auto (reference 200),0.5s,1.0-1.375,COMPLEX protocol: 1) NC (optional stone protocol) 2) 1st contrast injection 3) Early PV 60s after 1st 4) WAIT 5-7 min 5) 2nd injection + saline 6) Excretory/IVP 90-120s after 2nd,18-20G IV. Split bolus technique. May give Lasix 10-20mg IV for better opacification,NC optional: detect stones. Early PV: renal parenchyma. Excretory: collecting system ureters bladder for urothelial lesions,Split bolus critical for opacification. Lasix may help. Prone imaging optional for ureters,MIP urogram coronal and sagittal. Curved MPR of ureters. 3D urogram,Verify eGFR > 30,Check allergy history
ct-kub-non-contrast,CT KUB Non-Contrast,abdomen,non-contrast,2024-01-15,Dr. Johnson,,Nephrolithiasis | Renal colic | Flank pain | Hematuria,Supine with arms raised,None required,,N/A,,,,,,,100-120,Low dose (50-100 ref),0.5s,1.375-1.5,LOW DOSE protocol. Reduced mAs. Cover kidneys to pubic symphysis. Stone protocol settings,No IV needed. No oral contrast. Explain low radiation technique,Look for stones - measure size and location. Check for hydronephrosis. Assess for alternative diagnoses,Low dose protocol. Reduced mAs. Image quality adequate for stones,Thin slice 1mm for small stones. Stone size measurements,N/A,N/A
ct-renal-mass-protocol,CT Renal Mass Protocol,abdomen,contrast-enhanced,2024-01-15,Dr. Davis,,Renal mass characterization | Renal cell carcinoma staging | Complex cyst evaluation,Supine with arms raised,NPO 4 hours,,Isovue 370,Split bolus: 1st injection 1.1 mL/kg + 2nd injection 0.4 mL/kg,3-4 mL/s,18-22s + 20-30s,Split bolus technique,,,100-120,Auto (reference 200),0.5s,1,COMPLEX protocol: 1) NC 2) 1st contrast injection 3) Arterial 20s after 1st 4) WAIT 5-7 min 5) 2nd injection + saline 6) IVP/nephrographic 90-120s after 2nd,18-20G IV. Explain split bolus technique and delay,NC: fat/calcification. Arterial: vascular anatomy and hypervascular masses. Nephrographic/IVP: delayed enhancement and collecting system,Split bolus timing critical. 5-7 min wait between injections,Compare NC vs arterial vs nephrographic. Measure HU in mass. MIP urogram,Verify eGFR > 30,Check allergy history
ct-triple-phase-liver,CT Triple Phase Liver,abdomen,contrast-enhanced,2024-01-15,Dr. Lee,,Liver lesion characterization | HCC surveillance | Liver mass protocol,Supine with arms raised,NPO 4 hours,None typically. Oral contrast optional,Isovue 370,1.5 mL/kg,4-5 mL/s,25s,Triple phase: NC + Arterial + Portal Venous + Delayed,Abdominal aorta,150 HU,100,Auto (reference 200-250),0.5s,0.9-1.0,FOUR acquisitions: 1) NC abdomen 2) Late arterial (bolus track or 30-35s) 3) Portal venous 70s 4) Delayed 5 min. FOV: Abdomen for NC/Art/Delay. Full AP for PV | Injection duration is fixed at 25 s,20-22G IV. High flow rate critical,NC: characterize lesion. Arterial: hypervascular lesions HCC. Portal: most liver lesions. Delayed: washout pattern,High flow rate. Extended 5 min delay. Breath hold coaching,,Verify eGFR > 30,Check allergy history
calcium-score,Calcium Score,cardiac,non-contrast,2026-02-02,,,Cardiovascular risk assessment | Chest pain low-intermediate risk | Asymptomatic screening | Elevated HLD | Significant cardiovascular risk factors,Supine feet-first,No caffeine day of exam,HR control not needed for calcium score,N/A,,,,,,,120,Auto (low dose),0.28-0.35s,1.0-1.2,"Prospective ECG gating. | Suspended Respiration breathing instructions. | For single source CT: Target End Diastole if HR < 63BPM, else target End diastole and end systole. For dual source CT: Target End diastole if HR <79, else target end systole. Ensure ECG leads well connected, Goal: <= 60 BPM, regular (+/- 5).",No IV needed.,Check breathing motion on lung FOV. Calculate Agatston score. Report percentile for age/sex. Document coronary calcification distribution,Good ECG tracing essential. Patient breath hold coaching,Agatston score calculation. Percentile reporting,N/A,N/A
coronary-cta-post-cabg,Coronary CTA Post-CABG,cardiac,vascular,2026-02-02,,,Post-CABG graft patency assessment | Recurrent chest pain post-bypass,Supine feet-first,NPO 2-4 hours,"HR < 60 target. | Metoprolol 5mg IV increments up to 15mg. Metoprolol contraindications include sBP < 100, 2nd/3rd degree heart block, and inhaler dependent asthma. | Nitroglycerin 0.4mg SL 5 minutes before scan. Nitroglycerin contraindications include sBP < 100, PDE5 inhibitors within 48 hrs, severe aortic stenosis.",Isovue 370,1.1 mL/kg,4-5 mL/s,18s,Bolus Tracking,Ascending aorta,200 HU,100-120,Auto ECG modulation,0.28s,0.2-0.24,"Non-valsalva breathing technique, cardiac breathing instruction. Put in study notes if patient unable to follow breathing instructions. | If high HR variability, can trigger by millisecond (200ms - 450 ms pulse range). Revolution CT is better for Afib. | Target End diastole if HR < 65bpm. Target End systole if HR > 86bpm. Target End diastole to End systole if HR 66 - 75 bpm",20G IV minimum. Check for metoprolol or nitroglycerin contraindications. Nitro is priority over metoprolol if BP is borderline.,Assess all grafts: LIMA RIMA SVG. Check anastomoses. Native vessel disease. Graft patency vs occlusion. Check functional series for WMA.,Full chest coverage essential. Extended FOV. Low pitch for retrospective gating,Curved MPR of all grafts. Label LIMA RIMA SVG.,Verify eGFR > 30,Check allergy history
coronary-cta,Coronary CTA,cardiac,vascular,2026-02-02,,,Intermediate chest pain | Suspected infarct | Coronary artery dissection or aneurysm | Anomalous coronary artery | Stent patency,Supine feet-first,NPO 2-4 hours,"HR < 60 target. | Metoprolol 5mg IV increments up to 15mg. Metoprolol contraindications include sBP < 100, 2nd/3rd degree heart block, and inhaler dependent asthma. | Nitroglycerin 0.4mg SL 5 minutes before scan. Nitroglycerin contraindications include sBP < 100, PDE5 inhibitors within 48 hrs, severe aortic stenosis.",Isovue 370,1.1 mL/kg,4-5 mL/s,18s,Bolus Tracking,Ascending aorta,200 HU,100-120,Auto ECG modulation,0.28s,0.2-0.24,"Non-valsalva breathing technique, cardiac breathing instruction. Put in study notes if patient unable to follow breathing instructions. | If high HR variability, can trigger by millisecond (200ms - 450 ms pulse range). Revolution CT is better for Afib. | Target End diastole if HR < 65bpm. Target End systole if HR > 86bpm. Target End diastole to End systole if HR 66 - 75 bpm",20G IV minimum. Check for metoprolol or nitroglycerin contraindications. Nitro is priority over metoprolol if BP is borderline.,Calculate Agatston score. Give CAD-RADS score. Check function look for potential focal wall motion abnormalities,Full chest coverage essential. Extended FOV. Low pitch for retrospective gating,Curved MPR of all coronaries.,Verify eGFR > 30,Check allergy history
endocarditiscardiac-mass,Endocarditis/Cardiac Mass,cardiac,cardiac gated,2026-02-02,,,Endocarditis | Cardiac mass | Valve vegetation | Intracardiac thrombus,Supine feet-first,NPO 2-4 hours,HR < 65 preferred. No premedication typically given.,Isovue 370,1.6 mL/kg,3-4 mL/s,35 sec,,,,100-120,Auto ECG modulation,0.28s,0.2-0.24,"Non-valsalva breathing technique, cardiac breathing instruction. | Injection duration is fixed 35 sec fixed 30 sec scan delay. Retrospective gating trigger at 30-70% (End sys - end dia).  Reconstruct  at 5% intervals.",18-20G IV. HR control helpful but not critical,Assess all valves for vegetations. Evaluate myocardium for abscess. Look for intracardiac masses. Check for complications,Multiple cardiac phases helpful for valve motion. Thin slices for vegetations,Multi-phase reconstructions. 4-chamber 2-chamber views. Valve-specific reformats,Verify eGFR > 30,Check allergy history
gated-cta-cap-sternotomy-revision,Gated CTA CAP Sternotomy Revision,cardiac,cardiac gated,2024-01-15,Dr. Williams,,Pre-operative planning for redo sternotomy | Retrosternal structures assessment,Supine with arms raised,NPO 4 hours,HR < 65 target. Premedication not required.,Isovue 370,1.2 mL/kg,5 mL/s,15s,Bolus Tracking,Ascending aorta,180 HU,100,Auto ECG chest / High mAs other,0.28 / 0.5s,0.2-0.24 / 1.2-1.5,THREE acquisitions: 1) Gated CHEST 2) Flash AP arterial 3) CHEST venogram 60 sec delay. Venous for retrosternal structures,20G IV,Gated: cardiac anatomy. Arterial: systemic vessels. VENOUS: retrosternal veins and adherent structures critical for surgical planning,Venous phase critical for surgical planning. Map all retrosternal structures,3D VR venogram highlighting retrosternal veins. Distance measurements sternum to heart,Verify eGFR > 30,Large contrast load - verify renal function
gated-cta-cap,Gated CTA CAP,cardiac,cardiac gated,2024-01-15,Dr. Lee,,Aortic dissection | Aortic aneurysm with cardiac involvement | Combined cardiac and aortic pathology,Supine with arms raised,NPO 2-4 hours,HR < 65 target. Premedication not required.,Isovue 370,1.6 mL/kg,4 mL/s,20-24s,Bolus Tracking,Ascending aorta,180 HU,100,Auto ECG chest / High mAs AP,0.28 chest / 0.5 APs,0.2-0.24 chest / 1.2-1.5 AP,TWO acquisitions: 1) Gated retrospective CHEST 2) Flash helical ABDOMEN/PELVIS. Chest gated for aortic root. AP flash arterial,20G IV minimum,Gated chest: assess aortic root valve coronaries. Flash AP: assess aorta and branches. Combined cardiac and vascular,Arms up. Careful timing between gated and flash acquisitions,Curved MPR full aorta. Aortic valve reformats. 3D VR,Verify eGFR > 30,Check allergy history
gated-cta-chest-post-op-cardiac-valve,Gated CTA Chest Post-op Cardiac Valve,cardiac,cardiac gated,2024-01-15,Dr. Thompson,,Post-operative valve assessment | Prosthetic valve evaluation | Post-surgical complications,Supine feet-first,NPO 2-4 hours,HR < 65 preferred. Metoprolol if needed,Isovue 370,1.3 mL/kg,4-5 mL/s,15 sec,Bolus Tracking,Ascending aorta,200 HU,130-140,Auto ECG modulation,0.28s,0.2-0.24,Retrospective gating. INCREASED kV to 130-140 for metal artifact reduction. Increased contrast 1.3 mL/kg. Extended reconstruction phases,20G IV minimum,Assess prosthetic valve function. Look for paravalvular leak. Evaluate perivalvular complications. Metal artifact reduction critical | Increased kVP and increased contrast volume with thinner cuts help with seeing through metallic artifact to evaluate for thrombus.,High kV (130-140) critical for metal artifact. Increased contrast volume,Multi-phase reconstructions. Valve-specific views. Paravalvular assessment,Verify eGFR > 30,Check allergy history
gated-cta-chest,Gated CTA Chest,cardiac,cardiac gated,2024-01-15,Dr. Anderson,,Thoracic aortic dissection | Chest pain radiating to the back | Follow up thoracic aortic aneurysm,Supine feet-first,NPO 2-4 hours,HR < 60 target. Premedication not required.,Isovue 370,1.1 mL/kg,4-5 mL/s,20s,Bolus Tracking,Ascending aorta,200 HU,100,Auto ECG modulation,0.28s,0.2-0.24,Retrospective ECG gating. Cover heart. Bolus tracking in ascending aorta. Optional stent protocol: add 40 sec delayed phase,20G IV minimum. HR control critical. Nitro administration. Monitor BP,Assess coronaries for stenosis plaque. Evaluate anomalous anatomy. Stent patency if applicable. Cardiac function from multi-phase,HR control essential. Coach breathing. Gating quality check,Curved MPR all coronaries. Short/long axis. Multi-phase for function. Calcium score,Verify eGFR > 30,Check metoprolol contraindications
gated-cta-heart-left-atrial-mapping,Gated CTA Heart Left Atrial Mapping,cardiac,cardiac gated,2024-01-15,Dr. Kim,,Pre-ablation planning | Atrial fibrillation | Pulmonary vein anatomy,Supine feet-first,NPO 2-4 hours,HR < 65 preferred. Premedication not required.,Isovue 370,1.1 mL/kg,5 mL/s,15 sec,Bolus Tracking,Left Atrium,200 HU,100,Auto ECG modulation,0.28s,0.2-0.24,Retrospective gating. Focus on left atrium and pulmonary veins. Thin slices critical. Extended coverage for all PV ostia,20G IV,Map pulmonary vein anatomy (number ostia diameters). Left atrial appendage morphology. Esophageal position. LA size,Thin slices essential. Complete PV coverage. Document variants,3D LA reconstruction. PV ostia measurements (diameter area). LAA morphology. Esophageal position,Verify eGFR > 30,Check allergy history
gated-cta-tavr,Gated CTA TAVR,cardiac,cardiac gated,2024-01-15,Dr. Davis,,Pre-TAVR planning | Aortic stenosis valve replacement planning,Supine with arms raised,NPO 4 hours,HR < 65 target. Premedication not required.,Isovue 370,1.6 mL/kg,4 mL/s,22s,Bolus Tracking,Ascending aorta,180 HU,100,Auto ECG chest / High mAs AP,0.28 / 0.5s,0.2-0.24 / 1.2-1.5,Gated CHEST retrospective + Flash AP. Gated for valve measurements. AP for access planning. TAVR post-processing required,20G IV antecubital,Measure aortic annulus (3 diameters). Coronary heights. Access vessels (iliofemoral). Valve calcium. Comprehensive TAVR measurements,TAVR-specific measurements protocol. Thin slices critical,TAVR measurements: annulus area perimeter diameters. Coronary heights. Sinus of Valsalva. STJ. Ascending aorta. Access vessels,Verify eGFR > 30,Check allergy history
gated-cta-tmvr,Gated CTA TMVR,cardiac,cardiac gated,2024-01-15,Dr. Rodriguez,,Pre-TMVR planning | Mitral valve replacement planning | Mitral regurgitation,Supine with arms raised,NPO 4 hours,HR < 65 target. Premedication not required.,IsoVue 370,1.1 mL/kg,5 mL/s,15s,Bolus Tracking,Ascending aorta,180 HU,100,NO ECG MODULATION chest / Auto AP,0.28 / 0.5s,0.2-0.24 / 1.2-1.5,Gated CHEST with NO DOSE PULSING (full dose all phases) + delayed 80 sec CAP. TMVR post-processing required,20G IV,Measure mitral annulus. LA size. LVOT assessment. Coronary proximity. Access vessels. TMVR-specific measurements,NO dose modulation for gated chest. Full radiation all phases for valve assessment,TMVR measurements: annulus dimensions. LVOT area. Coronary heights. LA volume. Access vessels,Verify eGFR > 30,Check allergy history
gated-cta-ttvr,Gated CTA TTVR,cardiac,cardiac gated,2024-01-15,Dr. Jackson,,Pre-TTVR planning | Tricuspid valve replacement planning | Tricuspid regurgitation,Supine with arms raised,NPO 4 hours,HR < 65 target. Premedication not required.,IsoVue 370,2.0 mL/kg,3.5 mL/s,30-50s,Bolus Tracking,Ascending aorta,180 HU,100,NO ECG MODULATION chest / Auto AP,0.28 / 0.5s,0.2-0.24 / 1.2-1.5,Gated CHEST with NO DOSE PULSING + delayed 90 sec CAP. TTVR post-processing required,20G IV,Measure tricuspid annulus. RA size. RV function. Coronary proximity. Access vessels. TTVR-specific measurements,NO dose modulation. Full dose all cardiac phases,TTVR measurements: annulus dimensions area perimeter. RA volume. RV function. Coronary proximity. Access vessels,Verify eGFR > 30,Check allergy history
ct-pulmonary-embolism,CT Pulmonary Embolism,chest,contrast-enhanced,2026-01-01,,,Suspected pulmonary embolism | Acute dyspnea | Chest pain with elevated D-dimer,Supine feet-first with arms raised,NPO 2 hours recommended,None required,Isovue 370,1.3 mL/kg,5 mL/s,15 - 20s,Bolus Tracking,Main Pulmonary Artery,100 HU,100,Auto (reference 200),0.5s,1.0-1.2,Caudocranial scan direction. Coach breath hold. ROI in main PA at level of bifurcation,20G or larger IV in antecubital preferred. Verify good flow before injection,Assess RV/LV ratio. Look for signs of right heart strain. Check for DVT in leg veins if imaged,Arms fully raised to reduce beam hardening,MIP reconstructions of pulmonary arteries,Verify eGFR > 30,Check iodine allergy history and prior reactions
dynamic-airway-ct,Dynamic Airway CT,chest,non-contrast,2024-01-15,Dr. Lee,,Tracheobronchomalacia | Expiratory central airway collapse | EDAC,Supine with arms raised,N/A,,N/A,,,,,,,120,Auto (reference 200),0.5s,Helical,TWO acquisitions: 1) INSPIRATION carina to carina+10cm 2) MID-EXPIRATION same level. Cine if available. Airway reconstructions required,No IV. Coach dynamic breathing. May need forced expiration,Measure tracheal collapse percentage. >50% collapse suggests tracheomalacia. Assess bronchi,Coach forced expiration. Exact same level both phases,Measure tracheal AP diameter inspiration vs expiration. Calculate collapse percentage. 3D airway,N/A,N/A
non-contrast-chest-lung-nodule-ultra-low-dose,Non-Contrast Chest Lung Nodule Ultra Low Dose,chest,chest/pulmonary,2024-01-15,Dr. Rodriguez,,Pulmonary nodule follow-up | Known nodule surveillance,Supine with arms raised,N/A,,N/A,,,,,,,100,Ultra low (20-30 reference),0.5s,1.0-1.2,ULTRA LOW DOSE 10-20% standard dose. For follow-up of KNOWN nodules only. Not for initial detection. Maximum IR,No IV. Known nodule follow-up only,Follow known nodules. Compare to prior. Measure size. Not for initial detection,Ultra low dose. Maximum IR. Prior comparison essential,,N/A,N/A
non-contrast-ct-chest-low-dose,Non-Contrast CT Chest Low Dose,chest,non-contrast,2024-01-15,Dr. Kim,,Non Contrast chest for patient's age < 60,Supine with arms raised,N/A,,N/A,,,,,,,100-120,Low dose (40-60 reference),0.5s,1.0-1.2,LOW DOSE technique. Reduced mAs 30-50% of standard. Helical acquisition. High IR strength,No IV. Explain screening purpose and low radiation,Lung nodule detection. Measure nodules. Lung-RADS classification. Emphysema assessment,Low dose protocol. High iterative reconstruction. Nodule measurement software,CAD nodule detection. Measure all nodules ≥3mm. Lung-RADS reporting,N/A,N/A
non-contrast-ct-chest-routine,Non-Contrast CT Chest Routine,chest,non-contrast,2024-01-15,Dr. Thompson,,Age > 60 | Chest pain low risk,Supine with arms raised,N/A,,N/A,,,,,,,120,Auto (reference 200),0.5s,1.0-1.2,Standard dose helical chest. Lung apices to costophrenic angles. Routine lung and mediastinal windows,No IV needed. Breath hold coaching,Assess lung parenchyma nodules masses. Mediastinal lymph nodes. Pleura. Incidental findings,Full inspiration breath hold,Thin slice 1mm for nodule detection and measurement,N/A,N/A
non-volumetric-hrct-1-phase-prone,Non-Volumetric HRCT 1 Phase Prone,chest,chest/pulmonary,2024-01-15,Dr. Martinez,,Dependent atelectasis vs fibrosis | Posterior lung assessment | ILD with gravity-dependent changes,Prone with arms extended forward,N/A,,N/A,,,,,,,120,Reduced (100-150 reference),Sequentials,N/A,Single INSPIRATION. PRONE position. Non-volumetric (1-2cm intervals). Distinguish atelectasis from fibrosis,Position patient prone safely. Cushion support. Breath hold coaching,Differentiate dependent atelectasis from true fibrosis. Posterior lung better aerated prone,Safe prone positioning. Compare to supine if available,Compare prone to supine to differentiate atelectasis from fibrosis,N/A,N/A
non-volumetric-hrct-1-respiratory-phase,Non-Volumetric HRCT 1 Respiratory Phase,chest,chest/pulmonary,2024-01-15,Dr. Chen,,HRCT follow-up | Known ILD monitoring | Bronchiectasis assessment,Supine with arms raised,N/A,,N/A,,,,,,,120,Reduced (100-150 reference),Sequentials,N/A,Single INSPIRATION phase. Non-volumetric (1-2cm intervals). Lower dose for follow-up,No IV. Single inspiration breath hold,Follow ILD changes. Bronchiectasis. Lower radiation than volumetric,Non-volumetric reduces dose. Good for follow-up,Target slices through abnormality. Compare to prior,N/A,N/A
non-volumetric-hrct-3-respiratory-phases,Non-Volumetric HRCT 3 Respiratory Phases,chest,chest/pulmonary,2024-01-15,Dr. Hayes,,Interstitial lung disease | Air trapping assessment | Constrictive bronchiolitis | Hypersensitivity pneumonitis,Supine with arms raised,N/A,,N/A,,,,,,,120,Reduced (100-150 reference),Sequentials,N/A,THREE acquisitions: 1) INSPIRATION 2) MID-EXPIRATION 3) FULL EXPIRATION. Non-volumetric (1-2cm intervals). Lower dose than volumetric,No IV. Coach three breathing phases carefully,Mosaic attenuation. Air trapping. Small airways disease. Compare three phases,Coach three distinct breath holds. Non-volumetric lower dose,Side-by-side comparison of three phases. Quantify air trapping,N/A,N/A
quantitative-lung-density-ct,Quantitative Lung Density CT,chest,chest/pulmonary,2024-01-15,Dr. Patel,,Bronchiolitis Obliterans Syndrome | Emphysema quantification | COPD assessment,Supine with arms raised,N/A,,N/A,,,,,,,120,Auto (reference 150-200),0.5s,1,TWO VOLUMETRIC acquisitions: 1) Full INSPIRATION 2) FULL EXPIRATION (complete exhalation). Contiguous thin slices. Quantitative software,No IV. Coach complete inspiration and complete expiration,Quantify emphysema (% lung <-950 HU inspiration). Air trapping (% lung <-856 HU expiration). Emphysema distribution,Complete exhalation critical for RV. Volumetric contiguous,Quantitative emphysema analysis. Report % lung <-950 HU. Air trapping metrics. Upper/lower lobe distribution,N/A,N/A
volumetric-hrct-2-respiratory-phases,Volumetric HRCT 2 Respiratory Phases,chest,chest/pulmonary,2024-01-15,Dr. White,,Interstitial lung disease without prone imaging | ILD diagnosis | Diffuse lung disease,Supine with arms raised,N/A,,N/A,,,,,,,120,Auto (reference 150-200),0.5s,1,TWO acquisitions: 1) Full INSPIRATION 2) Limited EXPIRATION (carina to bases). Volumetric (contiguous thin slice). Coach breathing,No IV. Careful breath hold coaching. Inspiration and expiration,ILD pattern recognition. Honeycombing. Ground glass. Reticular. Mosaic attenuation on expiration,Volumetric contiguous slices. Coach breathing carefully,Thin slice for ILD detail. Compare inspiration vs expiration. Quantitative analysis if available,N/A,N/A
ct-ankle,CT Ankle,msk,musculoskeletal,2024-01-15,Dr. Patel,,Ankle fracture | Ligament injury | Pilon fracture | Pre-operative planning | Hardware assessment,Supine feet first,N/A,,None typically. Contrast if infection/mass,If contrast: 75 mL,2-3 mL/s,,,,,120,Auto (reference 200),0.5s,Helical,Include distal tibia/fibula through hindfoot. Submillimeter for 3D. Bilateral scout for positioning. May scan bilateral for comparison,No IV unless contrast needed,Malleolar fractures. Tibial plafond. Talus. Calcaneus. Syndesmosis. Ligaments on contrast,Bilateral scout for symmetry. Submillimeter for 3D,3D reconstruction for surgical planning. Document fracture fragments,N/A or eGFR > 30,N/A or check allergy
ct-arthrogram-shoulder,CT Arthrogram Shoulder,msk,musculoskeletal,2024-01-15,Dr. Patel,,Labral tear | Rotator cuff tear | Capsular injury | Shoulder instability,Supine with arm at side,N/A,Intra-articular contrast injection by radiologist,Omnipaque 240 or 300 diluted,12-15 mL intra-articular,N/A,,,,,120,Auto (reference 150-200),0.5s,Helical,Post-arthrogram CT. Inject glenohumeral joint. Immediate CT after injection. Thin slices for labrum,Radiologist performs injection. Patient to CT immediately after,Labral tears. Rotator cuff tears. Capsular tears. Glenohumeral ligaments. Paralabral cysts,Scan immediately after injection. Thin slices for labrum,Oblique coronal and sagittal. Assess labrum rotator cuff capsule. Document contrast extravasation,N/A,Contrast reaction history
ct-elbow,CT Elbow,msk,musculoskeletal,2024-01-15,Dr. Martinez,,Elbow fracture | Radial head fracture | Olecranon fracture | Coronoid | Terrible triad,Supine with elbow extended if possible or positioned for comfort,N/A,,None typically. Contrast if infection,If contrast: 75 mL,2-3 mL/s,,,,,120,Auto (reference 200),0.5s,Helical,Distal humerus through proximal radius/ulna. Submillimeter. Position extended if possible. Bilateral for comparison,No IV unless contrast needed,Distal humerus fractures. Radial head. Olecranon. Coronoid. Elbow dislocation. Terrible triad,Position extended if possible. Submillimeter for detail,Document terrible triad if present. Radial head-capitellum alignment. 3D reconstruction,N/A or eGFR > 30,N/A or check allergy
ct-foot,CT Foot,msk,musculoskeletal,2024-01-15,Dr. Davis,,Foot fracture | Lisfranc injury | Tarsal fractures | Foreign body | Pre-operative planning,Supine feet first,N/A,,None typically. Contrast if infection,If contrast: 75 mL,2-3 mL/s,,,,,120,Auto (reference 200),0.5s,Helical,Calcaneus through toes. Submillimeter. Weight-bearing position if able. Bilateral for comparison,No IV unless infection suspected,Calcaneus. Talus. Navicular. Cuneiforms. Metatarsals. Phalanges. Lisfranc ligament. Plantar fascia,Weight-bearing if possible. Bilateral comparison helpful,Document Lisfranc alignment. Calcaneal angles. 3D if complex,N/A or eGFR > 30,N/A or check allergy
ct-gout-protocol,CT Gout Protocol,msk,non-contrast,2024-01-15,Dr. Johnson,,Gout | Tophi | Urate deposition | CPPD | Crystal arthropathy,Variable - affected joint,N/A,,N/A,,,,,,,Dual energy 80/140Sn or equivalent,Auto,0.5s,Helical,Dual energy CT if available for urate detection. Single energy if not. Cover affected joint(s). Extended FOV if polyarticular,No IV. Document affected joints,Urate crystals color-coded on DECT. Tophi. Joint erosions. Soft tissue deposits. Quantify urate burden,Dual energy preferred for urate detection,Urate volume quantification. Color overlay. Document tophi locations,N/A,N/A
ct-hand,CT Hand,msk,musculoskeletal,2024-01-15,Dr. Chen,,Hand fracture | Scaphoid fracture | Metacarpal fracture | Foreign body | Pre-operative planning,Prone with hand extended (superman position) or supine with arm at side,N/A,,None typically. Contrast if infection,If contrast: 50 mL,2 mL/s,,,,,120,Auto (reference 150-200),0.5s,Helical,Distal radius/ulna through fingertips. Submillimeter. Position hand flat. Bilateral scout for comparison,No IV unless infection suspected,Carpal fractures (scaphoid navicular lunate). Metacarpals. Phalanges. CMC joints. Foreign bodies,Superman position preferred. Submillimeter for scaphoid,Scaphoid-specific views. 3D if complex. Document foreign body location,N/A or eGFR > 30,N/A or check allergy
ct-hip,CT Hip,msk,musculoskeletal,2024-01-15,Dr. Anderson,,Hip fracture | Acetabular fracture | Femoral neck | Pre-operative planning | FAI assessment,Supine,N/A,,None typically. Contrast if infection/mass,If contrast: 100 mL,2-3 mL/s,,,,,120,Auto (reference 250),0.5s,Helical,Iliac crests through proximal femurs. Bilateral for comparison. Submillimeter for 3D acetabular reconstructions,No IV unless contrast indicated,Femoral neck fractures. Acetabular fractures (Judet/Letournel). Hip dislocation. FAI morphology. AVN,Bilateral coverage. Submillimeter for acetabular 3D,3D pelvis. Judet oblique views. Letournel classification. FAI measurements (alpha angle),N/A or eGFR > 30,N/A or check allergy
ct-knee,CT Knee,msk,musculoskeletal,2024-01-15,Dr. Thompson,,Knee fracture | Tibial plateau | Patellar fracture | Pre-operative planning | Hardware evaluation,Supine feet first,N/A,,None typically. Contrast if infection/mass,If contrast: 75 mL,2-3 mL/s,,,,,120,Auto (reference 200),0.5s,Helical,Distal femur through proximal tibia/fibula. Submillimeter. Extended FOV for alignment. Bilateral scout,No IV unless contrast indicated,Tibial plateau fractures (Schatzker). Femoral condyles. Patella. Fibula. Cruciate ligaments on contrast. Menisci,Bilateral scout for alignment assessment,Schatzker classification if tibial plateau. Measure alignment. 3D reconstruction,N/A or eGFR > 30,N/A or check allergy
ct-lower-extremity,CT Lower Extremity,msk,contrast-enhanced,2024-01-15,Dr. Rodriguez,,Lower extremity fracture | Tibia/fibula | Femur | Post-operative hardware assessment,Supine,N/A,,None typically. Contrast if infection,If contrast: 100 mL,2-3 mL/s,,,,,120,Auto (reference 200-250),0.5s,Helical,FOV based on region: hip to ankle. Submillimeter for fracture. Extended coverage for alignment,No IV unless contrast needed,Fractures. Alignment. Comminution. Intra-articular extension. Hardware position. Infection on contrast,Extended coverage for alignment measurements,Alignment measurements. Hardware position. 3D for surgical planning,N/A or eGFR > 30,N/A or check allergy
ct-pelvis-msk,CT Pelvis MSK,msk,contrast-enhanced,2024-01-15,Dr. Kim,,Pelvic fracture | Sacral fracture | SI joint | Pelvic ring injury | Pre-operative planning,Supine,N/A,,None typically. Contrast if infection,If contrast: 100 mL,2-3 mL/s,,,,,120,Auto (reference 250),0.5s,Helical,Iliac crests to proximal femurs. Submillimeter for 3D. Assess pelvic ring integrity. Inlet and outlet views,No IV unless contrast indicated,Pelvic ring fractures (Young-Burgess). Sacral fractures (Denis). Acetabulum. SI joints. Symphysis pubis,Submillimeter for 3D pelvic reconstruction,3D pelvis. Inlet and outlet views. Young-Burgess classification. Measure displacement,N/A or eGFR > 30,N/A or check allergy
ct-shoulder,CT Shoulder,msk,musculoskeletal,2024-01-15,Dr. Lee,,Shoulder fracture | Proximal humerus | Glenoid | Scapula | Rotator cuff calcification,Supine with arm at side,N/A,,None typically. Contrast if infection/mass,If contrast: 75 mL,2-3 mL/s,,,,,120,Auto (reference 200),0.5s,Helical,Include entire scapula and proximal humerus. Submillimeter for glenoid detail. Y-views for scapula,No IV unless contrast indicated,Proximal humerus fractures (Neer). Glenoid fractures. Scapular fractures. AC joint. Rotator cuff calcifications,Include entire scapula. Submillimeter for glenoid,3D reconstruction. Neer classification if proximal humerus. Glenoid version measurements,N/A or eGFR > 30,N/A or check allergy
ct-upper-extremity,CT Upper Extremity,msk,contrast-enhanced,2024-01-15,Dr. White,,Upper extremity fracture | Humerus | Radius/ulna | Forearm | Elbow injury,Supine with arm positioned,N/A,,None typically. Contrast if infection,If contrast: 75 mL,2-3 mL/s,,,,,120,Auto (reference 200),0.5s,Helical,FOV based on region: shoulder to hand. Submillimeter for fracture detail. Position for comfort and coverage,No IV unless contrast needed,Fractures. Alignment. Intra-articular extension. Comminution. Soft tissue injury on contrast,Position for patient comfort and diagnostic quality,Document fracture location alignment. Soft tissue windows if contrast,N/A or eGFR > 30,N/A or check allergy
ct-wrist,CT Wrist,msk,musculoskeletal,2024-01-15,Dr. Hayes,,Wrist fracture | Distal radius fracture | Carpal fracture | DRUJ | Scapholunate ligament,Prone with wrist extended (superman) or positioned for comfort,N/A,,None typically. Contrast if infection,If contrast: 50 mL,2 mL/s,,,,,120,Auto (reference 150-200),0.5s,Helical,Distal radius/ulna through carpus. Submillimeter for carpal detail. Extended for forearm if needed,No IV unless contrast or arthrogram needed,Distal radius fractures. Carpal fractures (scaphoid). DRUJ. Carpal alignment. Ligaments on arthrogram,Position for comfort. Submillimeter for carpal bones,Scaphoid views. Carpal alignment. 3D if complex fracture,N/A or eGFR > 30,N/A or check allergy
msk-protocol-general,MSK Protocol General,msk,contrast-enhanced,2024-01-15,Dr. Lee,,Pre-operative planning | Post-operative assessment | Infection | Mass | Soft tissue tumor | Abscess,Depends on body part,NPO 2-4 hours if contrast,,Omnipaque 350 if contrast,100 mL if contrast,2-3 mL/s,,,,,120,Auto (reference 200-250),0.5s,Helical,Field of view specific to region. Submillimeter if 3D needed. NC and/or contrast based on indication. Delayed phase (5-10 min) for infection/tumor,IV for contrast studies. Document indication,NC: baseline bone soft tissue. Contrast: enhancement pattern. Delayed: washout or persistent enhancement. 3D for surgical planning,Tailor protocol to clinical question. Bilateral for comparison,Compare to contralateral side. Measure lesions. Bone and soft tissue windows,N/A or eGFR > 30,N/A or check allergy
brain-stroke-protocol,Brain Stroke Protocol,neuro,neuroradiology,2024-01-15,Dr. Williams,,Acute stroke | CVA | Neurological deficit < 24 hours | Stroke code,Supine head-first,None - emergency,,IsoVue 370 for CTA/CTP,100 mL,4-5 mL/s,,Multi-phase stroke protocol,Multiple ROIs,Varies,120,Auto (300 head),1.0 / 0.5s,0.5,STAT protocol: 1) NC Head 2) CTA Head/Neck (aortic arch to vertex) 3) CTP (optional). Minimize door-to-scan time,No IV for NC. Large bore for CTA/CTP. STAT coordination,NC: hemorrhage early ischemia hyperdense vessel. CTA: LVO large vessel occlusion. CTP: penumbra core mismatch,STAT protocol. Minimize delays. LVO detection critical,CTA MIP and 3D. CTP perfusion maps if done. ASPECTS score. LVO documentation,Emergency proceed,STAT protocol
ct-cervical-spine,CT Cervical Spine,neuro,spine,2024-01-15,Dr. Rodriguez,,Cervical spine trauma | Degenerative disease | Neck pain | Radiculopathy | Myelopathy,Supine head-first,N/A,,None typically. Contrast if infection/tumor,If contrast: 100 mL,3 mL/s,,,,,120,Auto (reference 250),0.5s,Helical,Skull base to T1. Submillimeter helical. Sagittal and coronal reformats required. Bone algorithm,No IV unless contrast needed. Cervical precautions if trauma,Alignment. Fractures. Disc spaces. Neural foramina. Spinal canal. Facet joints. Degenerative changes,Minimize motion. C-collar if trauma,Sagittal and coronal bone reconstructions. Oblique for foramina,N/A or verify eGFR,N/A or check allergy
ct-complete-spine,CT Complete Spine,neuro,spine,2024-01-15,Dr. Chen,,Spine trauma pan-scan | Multi-level disease | Metastatic survey | Infection,Supine,None - usually trauma,,None typically. Contrast if infection/mets,If contrast: 125 mL,3 mL/s,,,,,120,Auto (reference 250),0.5s,Helical,Skull base to sacrum. LONG COVERAGE. Submillimeter. Sagittal and coronal entire spine. May do in segments,No IV unless contrast needed. Complete spine coverage,Entire spine alignment. Fractures all levels. Spinal canal. Paraspinal masses. Metastatic disease,Long coverage. May need multiple acquisitions,Sagittal and coronal bone reconstructions. Oblique for foramina,N/A or verify eGFR,N/A or check allergy
ct-facial-bones,CT Facial Bones,neuro,non-contrast,2024-01-15,Dr. Martinez,,Facial trauma | Orbital fractures | Zygoma fractures | Nasal fractures | Mandible fractures,Supine head-first,N/A,,N/A,,,,,,,120,Auto (reference 250),0.5s,Helical,Frontal sinus to mandible. Submillimeter for 3D. Axial acquisition with multiplanar reformats. Remove dentures,Remove all facial metal. Dentures out,Le Fort classification. Orbital floor. Zygoma. Nasal bones. Mandible. NOE complex. 3D for surgical planning,Remove dentures and facial metal,3D surface rendering. Document Le Fort if present. Orbital floor assessment,N/A,N/A
ct-head-3d-stereotactic,CT Head 3D Stereotactic,neuro,neuroradiology,2024-01-15,Dr. Lee,,Stereotactic surgery planning | DBS planning | Biopsy planning | Surgical navigation | Gamma knife,Supine in surgical position. Head in frame if required,N/A,,None typically. Contrast optional,If contrast: 100 mL,3 mL/s,,,,,120,Auto (reference 300),Helicals,Pitch for isotropic,Submillimeter ISOTROPIC acquisition. Vertex to skull base. DICOM for surgical planning. Frame or fiducials if required,Position exactly as for surgery. Frame placement if required,Isotropic high-resolution for surgical targeting. Anatomic landmarks. Tumor if contrast,Isotropic voxels critical. Export DICOM to surgical planning,Export to surgical navigation. Isotropic 0.5mm. Coordinates for targeting,N/A or verify eGFR,N/A or check allergy
ct-lumbar-spine,CT Lumbar Spine,neuro,spine,2024-01-15,Dr. Hayes,,Lumbar spine trauma | Degenerative disease | Back pain | Radiculopathy | Sciatica,Supine,N/A,,None typically. Contrast if infection/tumor/post-op,If contrast: 100 mL,3 mL/s,,,,,120,Auto (reference 250),0.5s,Helical,T12 to sacrum. Submillimeter helical. Sagittal and coronal reformats. Oblique for foramina,No IV unless contrast needed,Alignment. Fractures. Disc spaces. Spinal canal stenosis. Neural foramina. Facet joints. Spondylolisthesis,Bone algorithm. Sagittal and coronal reconstructions,Oblique sagittal for foramina. Measure spinal canal. Grade stenosis,N/A or verify eGFR,N/A or check allergy
ct-myelogram,CT Myelogram,neuro,spine,2024-01-15,Dr. Martinez,,Post-myelogram CT | Intrathecal contrast follow-up | Spinal stenosis | Nerve root compression,Supine. Post-lumbar puncture,N/A,Intrathecal contrast already given,Omnipaque 240 intrathecal,10-15 mL IT,N/A,,,,,120,Auto (reference 250),0.5s,Helical,Post-LP CT. Usually lumbar region. Thin slices. Axial and sagittal reformats. Assess nerve root sleeves and thecal sac,Patient already had LP with IT contrast. Position comfortably,Nerve root sleeves. Thecal sac compression. Spinal stenosis. Disc herniations. Surgical planning detail,Post-LP headache precautions. Thin slices for nerve detail,Oblique reformats for nerve roots. Document stenosis level and severity,N/A,N/A
ct-orbits,CT Orbits,neuro,contrast-enhanced,2024-01-15,Dr. Davis,,Orbital mass | Thyroid eye disease | Orbital cellulitis | Optic nerve assessment | Trauma,Supine head-first,NPO 2 hours if contrast,,Omnipaque 350 if contrast,75-100 mL if contrast,3 mL/s,,,,,120,Auto (reference 200-250),0.5s,Helical,Orbits: superior orbital rim to maxillary sinus. Axial 1-2mm. Coronal reformats. NC for trauma. Contrast for masses/inflammation,Contrast for mass or inflammation. NC for trauma and metallic foreign body,Extraocular muscles. Optic nerve. Globe integrity. Orbital fat. Preseptal vs postseptal. Masses. Foreign body,Angle axial parallel to optic nerves. Thin slices,Assess optic nerve canal. Measure EOMs if thyroid eye disease. Document foreign body,N/A or verify eGFR > 30,N/A or check allergy
ct-parathyroid-4d,CT Parathyroid 4D,neuro,contrast-enhanced,2024-01-15,Dr. Kim,,Hyperparathyroidism | Parathyroid adenoma localization | Pre-operative parathyroid planning,Supine head-first with arms down,NPO 4 hours,,Omnipaque 350,75-100 mL,4 mL/s,,4D multi-phase,Carotid artery,150 HU,120,Auto (reference 200),0.5s,1,FOUR phases: 1) NC 2) Arterial 25s 3) Venous 55s 4) Delayed/washout 90s. Skull base to mediastinum. Parathyroid enhances early washes out,18-20G IV. High flow rate for arterial,NC: baseline. Arterial: parathyroid lights up. Venous: thyroid enhances. Delayed: parathyroid washes out faster than thyroid,Four phase critical. Look for early enhancement and washout,Subtraction images. Compare all phases. Document location for surgeon. Measure size,Verify eGFR > 30,Check allergy history
ct-sinus-stereotactic,CT Sinus Stereotactic,neuro,neuroradiology,2024-01-15,Dr. Chen,,Pre-operative sinus surgery planning | Image-guided surgery | ENT surgical navigation,Supine head-first. Surgical planning position,N/A,,N/A,,,,,,,120,Auto (reference 200),Helicals,Pitch for isotropic,Submillimeter isotropic acquisition. DICOM for surgical navigation system. May need fiducial markers. Entire sinus anatomy,Position as for surgery. Fiducials if required,Complete sinus anatomy for surgical navigation. Ostiomeatal complex. Skull base. Lamina papyracea,Isotropic voxels essential. DICOM for navigation,Export DICOM to surgical navigation system. Isotropic 0.625mm,N/A,N/A
ct-sinus,CT Sinus,neuro,neuroradiology,2024-01-15,Dr. Hayes,,Sinusitis | Sinus disease | Pre-operative sinus surgery | Nasal obstruction,Supine head-first,N/A,,N/A,,,,,,,120,Auto (reference 200),Axial or coronals,N/A,Coronal acquisition skull base through maxillary sinuses. Submillimeter for anatomy. Bone and soft tissue windows,No IV. Remove dentures and metal,Assess all sinuses. Ostiomeatal complex. Anatomic variants. Mucosal thickening. Polyps. Bony anatomy,Direct coronal preferred. Submillimeter for anatomy,Document anatomic variants (Haller cells concha bullosa). OMC assessment,N/A,N/A
ct-soft-tissue-neck,CT Soft Tissue Neck,neuro,contrast-enhanced,2024-01-15,Dr. Thompson,,Neck mass | Deep neck infection | Abscess | Airway assessment | Lymphadenopathy,Supine head-first,NPO 2 hours,,Omnipaque 350,100 mL,3 mL/s,,,,,120,Auto (reference 200-250),0.5s,1,Skull base to thoracic inlet. 60-70 sec delay for venous phase. Arms down. Minimize swallowing. May need NC if calcium assessment,18-20G IV. Coach no swallowing during scan,Assess neck spaces. Retropharyngeal. Parapharyngeal. Masticator. Parotid. Submandibular. Thyroid. Lymph nodes. Abscess vs phlegmon,Arms down. Minimize swallowing. Quiet breathing,Assess all neck spaces. Measure lymph nodes. Airway diameter if concern,Verify eGFR > 30,Check allergy history
ct-temporal-bones,CT Temporal Bones,neuro,neuroradiology,2024-01-15,Dr. Anderson,,Hearing loss | Chronic otitis | Cholesteatoma | Temporal bone fracture | Pre-operative cochlear implant,Supine head-first,N/A,,N/A,,,,,,,120,High mAs (300-400),Axial/Coronals,Sequential or helical,Temporal bones: external auditory canal to petrous apex. SUBMILLIMETER <0.625mm. Direct axial and direct coronal if possible. Ultra high resolution,No IV. Remove hearing aids and earrings,Ossicles. Cochlea. Semicircular canals. Internal auditory canal. Mastoid air cells. Cholesteatoma. Fracture. Tegmen,Submillimeter critical. Sharp bone kernel. Remove all metal,Pöschl and Stenvers oblique reformats for IAC. Measure vestibular aqueduct,N/A,N/A
ct-thoracic-spine,CT Thoracic Spine,neuro,spine,2024-01-15,Dr. White,,Thoracic spine trauma | Compression fracture | Back pain | Tumor | Infection,Supine,N/A,,None typically. Contrast if infection/tumor,If contrast: 100 mL,3 mL/s,,,,,120,Auto (reference 250),0.5s,Helical,C7 to L1. Submillimeter helical. Sagittal and coronal reformats. Arms up if possible,No IV unless contrast indicated. Arms up to reduce artifact,Alignment. Compression fractures. Pedicles. Spinal canal. Disc spaces. Paraspinal soft tissues,Arms up reduces artifact. Bone algorithm,,N/A or verify eGFR,N/A or check allergy
cta-head-and-neck-arch-to-vertex,CTA Head and Neck (Arch to Vertex),neuro,vascular,2026-01-04,,,Stroke workup | Carotid stenosis | Vertebral artery dissection | Aneurysm screening,Supine head-first with arms at sides,NPO 2 hours,None typically. Consider anxiolytic if severe claustrophobia,Isovue 370,80-100 mL,4-5 mL/s,,Bolus Tracking,Aortic arch,150 HU,100-120,Auto (reference 250),0.5s,0.9,Scan from aortic arch through vertex. Use bolus tracking in arch. Minimize dental artifact with gantry angulation,Good antecubital IV access required - 20G minimum. Verify injection site for extravasation risk,Evaluate complete circle of Willis. Assess carotid bifurcations. Look for dissection. Check aneurysms,Remove dentures. Minimize swallowing during neck acquisition,MIP and 3D VR reconstructions of vessels. Curved MPR of carotids,Verify eGFR > 30,Check allergy history and renal function
cta-head,CTA Head,neuro,vascular,2024-01-15,Dr. Thompson,,Aneurysm screening | Subarachnoid hemorrhage | Vascular malformation | Intracranial stenosis,Supine head-first,NPO 2 hours,,Omnipaque 350,75-100 mL,4-5 mL/s,,Bolus Tracking,Aortic arch or carotid,150 HU,100-120,Auto (reference 250),0.5-0.6s,Helical,NC Head optional then CTA skull base to vertex. Bolus tracking. Submillimeter for 3D reconstruction,20G IV minimum. Good bolus essential,Assess circle of Willis. Aneurysms. Stenosis. Vascular malformations. Anatomic variants,Minimize motion. Thin slices for small aneurysms,3D VR and MIP. Measure aneurysm if present. Assess A1 A2 dominance,Verify eGFR > 30,Check allergy history
cta-neck,CTA Neck,neuro,vascular,2024-01-15,Dr. Kim,,Carotid stenosis | Vertebral artery dissection | Neck vessel assessment | Pre-CEA planning,Supine head-first,NPO 2 hours,,Omnipaque 350,90-100 mL,4-5 mL/s,,Bolus Tracking,Aortic arch,150 HU,100-120,Auto (reference 200),0.5s,0.9,Aortic arch to skull base. Bolus tracking in arch. Submillimeter. Minimize swallowing during scan,20G IV antecubital preferred,Assess carotid bifurcations. Stenosis grading. Vertebral arteries. Dissection. Plaque morphology,Minimize swallowing. Submillimeter acquisition,Curved MPR both carotid bifurcations. Measure stenosis (NASCET). 3D VR. MIP,Verify eGFR > 30,Check allergy history
ctv-head,CTV Head,neuro,vascular,2024-01-15,Dr. Rodriguez,,Venous sinus thrombosis | Dural sinus thrombosis | Intracranial hypertension | Venous malformation,Supine head-first,NPO 2 hours,,Omnipaque 350,75-100 mL,3-4 mL/s,,,,,120,Auto (reference 250),0.5-0.6s,Helical,NC Head then delayed venous CTV (60-90 sec). Skull base to vertex. Assess venous sinuses,18-20G IV,NC: hemorrhage. CTV: filling defects in sinuses. Venous thrombosis. Cortical vein thrombosis,Delayed timing 60-90 sec. Look for filling defects,3D VR venogram. MIP maximum intensity projection. Document filling defects,Verify eGFR > 30,Check allergy history
non-contrast-ct-head,Non-Contrast CT Head,neuro,neuroradiology,2026-01-03,,,Acute stroke protocol | Head trauma | Headache - worst of life | Altered mental status,Supine head-first,N/A,,N/A,,,,,,,120,Auto (reference 300),1s,0.5,Minimize patient motion. Gantry angle parallel to skull base to reduce orbital dose. Ensure head straight,No IV required. Explain importance of staying still,Look for hyperdense MCA sign. Assess grey-white differentiation. Check for hemorrhage and mass effect,Remove dentures and hearing aids. Secure head in holder,Thin slice 1.25mm if subtle fracture suspected,N/A,N/A
pregnant-trauma-ct-ap,Pregnant Trauma CT AP,trauma,trauma,2024-01-15,Dr. Anderson,,Pregnant trauma patient | Multi-trauma pregnancy | Maternal injury assessment,Supine with left lateral tilt if possible,None - trauma,,Omnipaque 350,125 mL,3 mL/s,,,,,100,Reduced mAs if possible,0.5s,1.375,Portal venous phase 70s. SINGLE PHASE to minimize fetal radiation. Shield uterus if injury distant. Document weeks gestation,Pregnancy documented. Fetal heart tones if equipment available. Shield if possible,Assess maternal injuries. Minimize fetal radiation exposure. Document placental injury if visible,Document gestational age. Shield fetus if possible. Minimize radiation,,Check if known,Trauma indication documented
trauma-chest-ct,Trauma Chest CT,trauma,trauma,2024-01-15,Dr. Martinez,,Blunt chest trauma | Rib fractures | Pneumothorax | Hemothorax,Supine with arms raised if possible,None - trauma,,N/A,,,,,,,120,Auto (reference 200),0.5s,1.0-1.2,Single acquisition lung apices to costophrenic angles. RIB REFORMATS required. Submillimeter acquisition,Trauma precautions. Arms up if able,Pneumothorax hemothorax. Rib fractures (count and location). Pulmonary contusion. Aortic injury. Sternal/scapular fractures,Submillimeter acquisition critical for rib detail,Dedicated rib reformats (oblique sagittal each rib). Count fractures. 3D chest wall,N/A,N/A
trauma-code-aaa,Trauma Code AAA,trauma,trauma,2024-01-15,Dr. Davis,,Ruptured AAA | Aortic emergency | Hemodynamic instability with abdominal pain,Supine with arms raised,None - emergency,,Omnipaque 350,125 mL,4-5 mL/s,,Triple phase: NC + Arterial + Portal venous,Abdominal aorta,150 HU,100-120,High mAs (300 reference),0.5s,1.0-1.375,RAPID triple phase: 1) NC CAP (hematoma) 2) Arterial CAP (active bleed bolus track 25-30s) 3) Portal venous CAP (70s). STAT protocol,Large bore IV 18G minimum. Blood products ready,NC: retroperitoneal hematoma. Arterial: active extravasation aneurysm morphology. Portal: solid organs,STAT protocol. Minimize delays. Notify vascular surgery,Measure aneurysm. Identify bleeding site. EVAR measurements if stable,Emergent - proceed,Document emergency
trauma-cta-chest-with-pv-ct-ap,Trauma CTA Chest with PV CT AP,trauma,vascular,2024-01-15,Dr. Lee,,Blunt thoracic trauma | Aortic injury | Great vessel injury | Multi-trauma,Supine with arms raised,None - trauma,,Omnipaque 350,125 mL,4 mL/s,,Dual phase: CTA Chest arterial + Portal venous AP,Descending aorta,150 HU,100-120,Auto (reference 250),0.5s,1.0-1.2,TWO acquisitions: 1) CTA CHEST arterial (bolus track) 2) Portal venous ABDOMEN/PELVIS 70s. Chest arterial for aorta/vessels,Large bore IV 18-20G. Verify flow,Chest arterial: aortic injury (intimal flap pseudoaneurysm). AP portal venous: solid organ injury,Trauma indication. Fast scan. Good IV essential,3D aorta and great vessels. Curved MPR aorta. Grade aortic injury,eGFR > 30 if known,Trauma indication
trauma-head-and-c-spine,Trauma Head and C-Spine,trauma,trauma,2024-01-15,Dr. Smith,,Trauma head injury | C-spine clearance | Multi-trauma assessment,Supine head-first. Cervical collar in place,None - trauma,,N/A,,,,,,,120,Auto (300 head / 250 spine),1.0 head / 0.5 spines,0.5,TWO acquisitions: 1) Head vertex to C1 2) C-spine skull base to T1. Head: 5mm axial. C-spine: 0.625mm with reformats. Minimize movement,Maintain cervical precautions. C-collar remains on. Document GCS,Head: acute hemorrhage skull fractures. C-spine: fractures alignment ligamentous injury,Keep C-collar on. Minimize patient movement,C-spine: Sagittal and coronal bone reformats. 3D if complex fracture,N/A,N/A
trauma-head-c-spine-and-facial-bones,Trauma Head C-Spine and Facial Bones,trauma,trauma,2024-01-15,Dr. Johnson,,Facial trauma | Maxillofacial fractures | Orbital fractures with head/spine injury,Supine head-first. C-collar on,None - trauma,,N/A,,,,,,,120,Auto (300 head / 250 other),1.0 / 0.5s,0.5,THREE acquisitions: 1) Head 2) C-spine 3) Facial bones. Face: submillimeter helical for 3D. C-collar remains,C-collar precautions. Document mechanism of injury,Head: intracranial injury. C-spine: fractures. Face: Le Fort midface orbital mandible fractures,C-collar on. Remove dentures if safe,3D face reconstruction. Le Fort classification. Orbital floor assessment,N/A,N/A
trauma-lower-extremity-runoff-cta,Trauma Lower Extremity Runoff CTA,trauma,vascular,2024-01-15,Dr. Williams,,Extremity vascular injury | Penetrating trauma | Fracture with vascular concern | Pulseless extremity,Supine legs extended,None - trauma,,Omnipaque 350,125 mL,4-5 mL/s,,Bolus Tracking,Abdominal aorta or proximal to injury,150 HU,100-120,Auto (reference 250),0.5s,1.2-1.5,Extend coverage based on injury. Aorta to ankles if bilateral. May do unilateral focused study. Arterial phase,18-20G IV. May need proximal IV if arm injury,Assess arterial injury: transection pseudoaneurysm occlusion extravasation. Evaluate fracture relationship to vessels,Tailor coverage to injury. Fast acquisition,MIP and 3D VR. Document vascular injury. Measure vessel caliber,Check if available,Trauma indication
cta-abdomen-pelvis,CTA Abdomen Pelvis,vascular,vascular,2024-01-15,Dr. Martinez,,Abdominal aortic aneurysm | Mesenteric ischemia | Renal artery stenosis | Pre-EVAR planning,Supine with arms raised,NPO 4 hours,Oral contrast optional - omit for vascular indication,Isovue 370,1.1 mL/kg,4 mL/s,20s,Bolus Tracking,Abdominal aorta at celiac,150 HU,100,Auto (reference 250),0.5s,1.0-1.375,Caudocranial scan direction. Include renal arteries to femoral bifurcation minimum,18-20G IV antecubital,Measure AAA if present. Assess renal and mesenteric arteries. Evaluate iliac vessels,Arms raised. No oral contrast for pure vascular study,3D VR and curved MPR. Measure AAA in 3 planes,Verify eGFR > 30,Check allergy history
cta-chest-abdomen-pelvis,CTA Chest Abdomen Pelvis,vascular,vascular,2024-01-15,Dr. Smith,,Aortic aneurysm | Vasculitis | Trauma pan-scan,Supine with arms raised above head,NPO 2-4 hours,,Isovue 370,1.1 mL/kg,4 mL/s,20s,Bolus Tracking,Descending thoracic aorta,150 HU,100,Auto (reference 250),0.5s,1.0-1.2,Single acquisition from thoracic inlet to pubic symphysis. Caudocranial direction. Bolus track in descending aorta,20G IV minimum. Antecubital or proximal forearm preferred,Assess entire aorta for dissection/aneurysm. Measure aortic dimensions. Check branch vessels,Arms completely raised. ECG monitoring if known dissection,3D VR and curved MPR of entire aorta,Verify eGFR > 30,Check allergy history
cta-chest,CTA Chest,vascular,vascular,2024-01-15,Dr. Johnson,,Thoracic aortic aneurysm (not involving the aortic root) | Great vessel evaluation,Supine with arms raised,NPO 2 hours,,Isovue 370,1.2 mL/kg,4 mL/s,15 - 20s,Bolus Tracking,Ascending aorta or main PA,150 HU,100,Auto (reference 200),0.5s,1.0-1.2,Choose ROI based on indication - ascending aorta for aortic pathology or main PA for PE,20G IV minimum,Assess aorta and great vessels. Measure aneurysm if present. Look for dissection flap,Arms fully raised,3D VR of thoracic vasculature,Verify eGFR > 30,Check allergy history
cta-diep-flap-pre-operative,CTA DIEP Flap Pre-operative,vascular,vascular,2024-01-15,Dr. Williams,,Pre-operative planning for DIEP flap breast reconstruction,Supine with arms at sides or on chest,NPO 2-4 hours,,Isovue 370,1.5 mL/kg,4-5 mL/s,20s,Bolus Tracking,Abdominal aorta,150 HU,100,Auto (reference 200),0.5s,0.9,"Scan from mid-liver to greater trochanters. Remove tight-fitting underwear. If patient can exercise, do leg lifts on table before injection.",18-20G IV,Map perforator locations. Measure vessel caliber. Identify dominant perforators. Note relationship to umbilicus. Prefer perforators below umbilicus.,Arms positioned to not obscure anterior abdominal wall,3D VR color-coded perforator map. Measure distances from umbilicus,Verify eGFR > 30,Check allergy history
cta-for-gi-bleed,CTA for GI Bleed,vascular,vascular,2026-01-05,,,Active GI bleeding | Hematemesis | Melena with hemodynamic instability | Hematochezia,Supine with arms raised,NPO if possible (emergent study),,Isovue 370,1.5 mL/kg,4-5 mL/s,20s,Triple phase: Arterial + Portal Venous + Delayed,Abdominal aorta,150 HU,100-120,Auto (reference 300),0.5s,1.375,High flow rate critical for arterial phase. Scan arterial at 25 sec then portal at 70 sec then delayed at 90-180 sec. Look for active extravasation,Large bore IV 18-20G essential. Verify with saline test,Look for arterial extravasation (early) and pooling (delayed). Note location and potential source vessel,Arms raised to avoid artifacts. Fast table speed to cover area quickly in arterial phase,MIP of all three phases side-by-side for comparison,eGFR > 30 preferred but can proceed emergently,Document allergy history. Emergency indication overrides mild allergy
cta-lower-extremity-free-flap,CTA Lower Extremity Free Flap,vascular,vascular,2024-01-15,Dr. Kim,,Pre-operative planning for free flap harvest (fibula ALT anterolateral thigh),Supine with legs extended,NPO 2-4 hours,,Isovue 370,1.5 mL/kg,4-5 mL/s,25s,Bolus Tracking,Femoral artery,150 HU,100,Auto (reference 200),0.5s,0.9,Scan from iliac crest to ankle. Focus on perforators in region of interest. Arterial phase critical for mapping,18-20G IV,Map perforator vessels. Measure vessel caliber and length. Identify dominant pedicle. Note anatomic variants,Legs straight and not rotated. Mark skin over region of interest if possible,Curved MPR of main vessels. Measure perforator locations from bony landmarks,Verify eGFR > 30,Check allergy history
cta-lower-extremity-runoff-for-pad,CTA Lower Extremity Runoff for PAD,vascular,vascular,2024-01-15,Dr. Anderson,,Peripheral arterial disease | Claudication | Critical limb ischemia | Pre-operative bypass planning,Supine with arms raised. Legs straight,NPO 2-4 hours,,Isovue 370,1.9 mL/kg,3-4 mL/s,35s (5s fast 5-6mL/s then 30 s slow 3-4mL/s),Bolus Tracking,Abdominal aorta,150 HU,100-120,Auto (reference 250),0.5s,1.2-1.5,Scan from diaphragm to toes. Tape feet together. Use automatic bolus tracking. Extend delay if known severe PAD. Cover tibial vessels to ankle,"18-20G IV antecubital, flow rate up to 6 mL/s",Assess aortoiliac femoral popliteal and tibial vessels. Grade stenoses. Identify occlusions. Assess runoff vessels,Ensure legs are straight and not rotated. Remove shoes and metal,MIP and 3D VR. Curved MPR of each arterial segment. Bone subtraction for vessels.,Verify eGFR > 30,Check allergy history
cta-mesenteric-ischemia,CTA Mesenteric Ischemia,vascular,vascular,2024-01-15,Dr. Lee,,Acute mesenteric ischemia | Chronic mesenteric ischemia | Bowel infarction,Supine with arms raised,NPO (emergent - as patient presents),None - emergent study,Isovue 370,1.5 mL/kg,5 mL/s,20s,Dual phase: Arterial + Portal Venous,Abdominal aorta at celiac,150 HU,100,Auto (reference 300),0.5s,1.375,Arterial phase at 25 sec for vessel assessment. Portal venous at 70 sec for bowel perfusion. High flow rate critical,18-20G IV required for 5 mL/s flow. Must be patent,Arterial: assess celiac SMA IMA origins. Portal: look for bowel wall enhancement. Check for pneumatosis,Fast scan. High flow rate essential,MIP and 3D VR of celiac and SMA. Curved MPR of vessels,eGFR > 30 preferred,Emergency study - document indication
cta-pelvis-cyclist-iliac-artery-maneuver,CTA Pelvis Cyclist Iliac Artery Maneuver,vascular,vascular,2024-01-15,Dr. Rodriguez,,External iliac artery endofibrosis | Cyclist with exercise-induced leg symptoms,Supine initially then with hip flexion,NPO 2-4 hours,,Isovue 370,Split bolus: 1st injection 1.1 mL/kg + 2nd injection 1.1 mL/kg,4 mL/s,1st injection 18s + 2nd injection 18s,Dual position: Resting + Hip flexion cycling position,External iliac artery,150 HU,100,Auto (reference 200),0.5s,0.9,TWO acquisitions: 1) Resting supine 2) Hip flexion simulating cycling position. Bilateral imaging for comparison,18-20G IV,Compare resting vs flexed position. Look for iliac artery kinking stenosis or occlusion with hip flexion. Common in competitive cyclists,Position patient with knees bent and hips flexed to simulate cycling. May need positioning aids,Side-by-side MIP of rest vs flexion. Measure degree of stenosis. 3D VR,Verify eGFR > 30,Check allergy history. Explain hip flexion positioning
cta-pelvis-prostate-artery-embolization,CTA Pelvis Prostate Artery Embolization,vascular,vascular,2024-01-15,Dr. Jackson,,Pre-procedural planning for prostate artery embolization | Benign prostatic hyperplasia,Supine with arms raised,NPO 2-4 hours,,Isovue 370,1.2 mL/kg,3-4 mL/s,18-22s,Bolus Tracking,Common iliac artery,150 HU,100,Auto (reference 200),0.5s,0.9,Scan from L3 to proximal femur. Arterial phase essential. Focus on internal iliac branches and prostate supply,"18-20G IV | Chcek BP for nitroglycerin administration, check for contraindications",Identify prostate artery origins (usually anterior division of internal iliac). Map anatomy for IR. Note variants and anastomoses,Full bladder helpful for prostate visualization. Coordinate with IR before scan,3D VR with prostate vessels highlighted. Curved MPR of internal iliac branches. Measure vessel diameters,Verify eGFR > 30,Check allergy history
cta-popliteal-entrapment,CTA Popliteal Entrapment,vascular,vascular,2024-01-15,Dr. Thompson,,Popliteal entrapment syndrome | Exercise-induced leg pain | Young patient with claudication,Supine with legs extended in neutral position,NPO 2-4 hours,,Isovue 370,Dual injection: 1.2 mL/kg + 1.2 mL/kg,4 mL/s,18-20s + 18-20s,Bolus Tracking,Popliteal artery,150 HU,100,Auto (reference 200),0.5s,0.9,TWO acquisitions required: 1) Neutral position 2) Active plantarflexion. Both legs scanned for comparison. Coach patient on plantarflexion technique,18-20G IV antecubital,Compare neutral vs plantarflexion images. Look for popliteal artery compression deviation or occlusion with plantarflexion. Assess muscle anatomy,Coach patient on maintaining plantarflexion during second acquisition. Use foot straps if needed,Side-by-side comparison of neutral vs plantarflexion. 3D VR showing muscle-vessel relationship,Verify eGFR > 30,Check allergy history. Explain plantarflexion maneuver to patient
cta-scadfmd-protocol,CTA SCAD/FMD Protocol,vascular,vascular,2024-01-15,Dr. Hayes,,Spontaneous coronary artery dissection screening | Fibromuscular dysplasia screening | Multi-vessel arterial assessment,Supine with arms initially UP then DOWN,NPO 4 hours,,Isovue 370,150 mL total,4 mL/s,,Multi-phase: NC Head + CTA Neck + CTA CAP arms up + Post-contrast Head arms down,Multiple ROIs,150 HU,100-120,Auto (reference 200-250),0.5s,0.9-1.2,FOUR acquisitions: 1) NC Head arms down 2) CTA Neck bolus track 3) CTA CAP arms up 4) Post Head arms down. Patient repositions arms between scans,20G IV minimum. Verify good flow for multiple phases,Screen all vascular beds for FMD. Look for beading stenosis aneurysm dissection. Assess renal carotid vertebral intracranial arteries,Coach patient on arm repositioning. Multiple phases require good IV. Plan scan sequence carefully,Comprehensive MIP and 3D VR of all vascular beds. Measure vessel diameters. Document FMD findings,Verify eGFR > 30,Check allergy history. Explain arm repositioning
cta-upper-extremity,CTA Upper Extremity,vascular,vascular,2024-01-15,Dr. Davis,,Upper extremity arterial insufficiency | Trauma | Dialysis access planning | Thoracic outlet syndrome,Supine with affected arm raised above head or at side depending on indication,NPO 2 hours,,Isovue 370,100 mL,4 mL/s,,Bolus Tracking,Subclavian artery,150 HU,100,Auto (reference 200),0.5s,0.9,Scan from aortic arch to fingertips. May need bilateral for comparison. Position arm to demonstrate pathology | Inject into contralateral arm,20G IV in contralateral arm,Assess subclavian axillary brachial radial ulnar arteries. Look for stenosis occlusion or injury,Position arm to avoid overlap with torso. May need special positioning for TOS,MIP and 3D VR. Subtract bones for vessel visualization,Verify eGFR > 30,Check allergy history. IV in opposite arm
ctv-abdomen-pelvis,CTV Abdomen Pelvis,vascular,vascular,2024-01-15,Dr. Chen,,Deep vein thrombosis | May-Thurner syndrome | IVC filter placement planning | Venous malformation,Supine with arms raised,NPO 2-4 hours,Oral contrast optional,Isovue 370,2.0 mL/kg,3 mL/s,40s,Fixed Delay (110s),,,120,Auto (reference 200),0.5s,1.0-1.375,Scan at 180 seconds for venous phase. Slower injection rate OK for venous imaging. Scan from diaphragm to femoral veins,18-20G IV,Assess IVC iliac femoral veins for thrombosis. Look for compression (May-Thurner). Measure vessel caliber for filter sizing,Arms raised. May add leg veins if DVT suspected,MIP venograms. 3D VR of venous system,Verify eGFR > 30,Check allergy history
ctv-chest-abdomen-pelvis,CTV Chest Abdomen Pelvis,vascular,vascular,2024-01-15,Dr. White,,Superior vena cava syndrome | Central venous occlusion | Tumor staging with venous involvement,Supine with arms raised,NPO 2-4 hours,,Isovue 370,2.0 mL/kg,3 mL/s,40s,Fixed Delay (180s),,,120,Auto (reference 200),0.5s,1.0-1.2,Scan at 180 seconds. Include SVC through femoral veins. May need arm injection for SVC assessment,18-20G IV - may need bilateral arm IVs for SVC,Assess SVC IVC and major tributaries. Look for thrombosis compression or tumor invasion,Arms raised. For SVC consider bilateral arm injection,3D venogram MIP. Curved MPR of SVC and IVC,Verify eGFR > 30,Check allergy history. May need bilateral IVs
